No,ブランド,フリガナ,ブランドコード,禁止ブランド,
1,686,シックスエイトシックス,9187,*,
2,10 Crosby Derek Lam,テンクロスビーデレクラム,,*,
3,2(X)IST,ツーイグジスト,,*,
4,2XU,ツータイムズユー,5114,*,
5,3.1 Phillip Lim,フィリップリム,3515,*,
6,47 Brand,フォーティセブンブランド,,*,
7,525 america,525アメリカ,,*,
8,7 Diamonds,セブンダイアモンド,9241,*,
9,7 For All Mankind,セブンフォーオールマンカインド,,*,
10,a. testoni,アテストー二,,*,
11,Acorn,エイコーン,,*,
12,aden + anais,エイデンアンドアネイ,,*,
13,adidas,アディダス,149,,登録OK
15,adidas_Originals,アディダスオリジナル,149,,登録OK
16,Adrianna Papell,アドリアナパペル,,*,
17,Adrienne Vittadini,アドリーナ ヴィッタジーニ,,*,
18,Aerin,エアリン,,*,
19,Aerosoles,エアロソールズ,,*,
20,Aetrex,アエトレックス,,*,
21,Ahnu,アニュ,,*,
22,Aidan Mattox,アイダンマトックス,,*,
23,ALDO,アルド,204,*,
24,Alegria,アレグリア,,*,
25,Alexander McQueen,アレキサンダー マックイーン,224,*,
26,Alexis Bittar,アレクシスビター,5529,*,
27,Allen-Edmonds,アレン エドモンズ,229,*,
28,Alternative,オルタナティブ,4549,*,
29,American West,アメリカンウェスト,,*,
30,AND1,アンドワン,249,*,
31,Anne Klein,アン クライン,230,*,
32,Anuschka Handbags,アヌシュカ,,*,
33,Anyi Lu,アナイ リュウ,,*,
34,Appaman Kids,アパマン,3615,*,
35,Arc'teryx,アークテリクス,9124,*,
36,Ariat,アリアト,,*,
37,Armani Jeans,アルマーニ ジーンズ,221,*,
38,Armani Junior,アルマーニ ジュニア,220,*,
39,ASH,アッシュ,5451,*,
40,ASICS,アシックス,134,*,
42,Athena Alexander,アテナ アレキサンダー,,*,
43,AX Armani Exchange,アルマーニ エクスチェンジ,5523,*,
44,BabyBjorn,ベビービョルン,1774,*,
45,Baffin,バフィン,,*,
46,Baggallini,バッガリーニ,7382,*,
47,Bandolino,バンドリーノ,,*,
48,Barbara Bonner,バーバラ バアウナー,,*,
49,Base London,ベースロンドン,,*,
50,Bass,バス,,*,
51,BB Dakota,ビービーダコタ,,*,
52,BCBGeneration,ビーシービー ジェネレーション,,*,
53,BCBGMAXAZRIA,ビーシービージー マックスアズリア,,*,
54,BECCA by Rebecca Virtue,ベッカ,7895,*,
55,Bed Stu,ベッドスタ,,*,
56,Bella-Vita,ベラビータ,,*,
57,Ben Sherman,ベンシャーマン,1800,*,
58,Bernardo,ベルナルド,,*,
59,bernie mev.,ベルニー,,*,
60,Betsey Johnson,ベッツィ ジョンソン,1765,*,
61,Beyond Yoga,ビヨンドヨガ,,*,
62,Big Agnes,ビッグアグネス,,*,
63,Billabong,ビラボン,1568,*,
65,Blank NYC,ブランク NYC,7760,*,
66,Blowfish,ブローフィッシュ,,*,
67,Body Glove,ボディグローブ,1836,*,
68,Bogs,ボグス,,*,
70,BOOTIGHTS,ブータイツ,,*,
71,Born,ボーン,,*,
72,Bosca,ボスカ,,*,
73,BOSS Hugo Boss,ヒューゴ ボス,7558,*,
74,Bostonian,ボストニアン,,*,
75,Bottega Veneta,ボッテガ ヴェネタ,1834,*,
76,Brahmin,ブラーミン,,*,
77,Briggs & Riley,ブリッグス アンド ライリー,,*,
78,Brighton,ブライトン,7716,*,
79,Brigitte Bailey,ブリジット ベイリー,,*,
80,Brixton,ブリクストン,,*,
81,Brooks,ブルックス,1716,*,
83,BULA,ブラ,,*,
84,Bulova,ブローバ,7850,*,
85,Burberry,バーバリー,1400,*,
86,C,シー,,*,
87,Callaway,キャロウェイ,618,*,
88,Calvin Klein,カルバンクライン,3932,*,
89,CamelBak,キャメルバック,,*,
90,Camper,カンペール,597,*,
91,Caparros,カパロス,,*,
92,Capezio,カペジオ,,*,
93,Carhartt,カーハート,545,*,
94,Carole Hochman,キャロルホフマン,,*,
95,Carrera,カレラ,3730,*,
96,Carve Designs,カーブデザイン,,*,
97,Caterpillar,キャタピラー,,*,
98,CATHERINE Catherine Malandrino,キャサリン マランドリーノ,,*,
99,Celtek,セルテック,,*,
100,Chaco,チャコ,9048,*,
101,Champion,チャンピオン,1186,*,
103,Chan Luu,チャンルー,6976,*,
104,Charles by Charles David,チャールズ バイ チャールズ デヴィッド,,*,
105,Chaser,チェイサー,12462,*,
106,Chinese Laundry,チャイニーズランドリー,,*,
107,Chippewa,チペワ,1176,*,
108,Chloe,クロエ,701,*,
109,Chooka,チューカ,,*,
110,CHOOZE,チューズ,,*,
111,Cienta Kids Shoes,シエンタ キッズ シューズ,,*,
112,Cinch,シンチ,,*,
113,Circa,サーカ,9703,*,
114,Citizen Watches,シチズン ウォッチ,,*,
115,Clarks,クラークス,649,*,
116,COACH,コーチ,744,*,
117,Coal,コール,2700,*,
118,Cobian,コビアン,,*,
119,Cole Haan,コールハン,753,*,
120,Columbia,コロンビア,789,*,
121,Cosabella,コサベラ,,*,
122,CoSTUME NATIONAL,コスチューム ナショナル,765,*,
123,Creative Recreation,クリエイティブリクリエーション,4554,*,
124,CW-X,シーダブリュー・エックス,,*,
125,Dakine,ダカイン,1118,*,
126,Danner,ダナー,1134,*,
127,DANNIJO,ダンニージョ,,*,
128,Dansko,ダンスコ,,*,
129,Darkstar,ダークスター,,*,
130,David Tate,デイビッド テイト,,*,
131,DC Shoes,ディーシー シューズ,9862,*,
133,Dee Berkley,ディー バークレー,,*,
134,Delsey,デルセー,,*,
135,Derek Lam,デレクラム,,*,
136,Deuter,ドイター,1263,*,
137,Dexter,デクスター,9886,*,
138,Diane von Furstenberg,ダイアン フォン ファステンバーグ,,*,
139,Dittos,ディトス,,*,
140,Dockers,ドッカーズ,1285,*,
141,Dogeared,ドギャード,7154,*,
142,Dolce & Gabbana,ドルチェ & ガッバーナ,,*,
143,Dolce Vita,ドルチェヴィータ,,*,
144,Donald J Pliner,ドナルド ジェイ プリナー,,*,
145,Donna Karan,ダナ キャラン,,*,
146,Donna Morgan,ドンナ モルガン,,*,
147,Dooney & Bourke,ドゥーニー＆ バーク,,*,
148,Dr. Martens,ドクター マーチン,1281,*,
149,Dr. Scholl's,ドクター ショール,,*,
150,Dragon Alliance,ドラゴン アライアンス,,*,
151,DSQUARED2,ディースクエアード,1203,*,
152,Dune London,デューン ロンドン,,*,
153,Eagle Creek,イーグル クリーク,,*,
154,Earth,アース,,*,
155,ECCO,エコー,382,*,
156,Echo Design,エコー デザイン,,*,
157,Ecoths,エコース,,*,
158,El Naturalista,エル ナチュラリスタ,,*,
159,Electric Eyewear,エレクトリック アイウエア,,*,
160,Elephantito,エレファンティート,,*,
161,Elie Tahari,エリー タハリ,,*,
162,Elizabeth and James,エリザベス アンド ジェームス,,*,
163,Emporio Armani,エンポリオ アルマーニ,476,*,
164,EMU Australia,エミュ オーストラリア,,*,
165,Enzo Angiolini,エンゾー アンジョリーニ,,*,
166,Eric Michael,エリック マイケル,,*,
167,etnies,エトニーズ,9540,*,
168,ExOfficio,エクスオフィシオ,,*,
169,Faviana,ファビアナ,,*,
170,Feetures,フューチュアズ,,*,
171,Fendi Kids,フェンディ キッズ,1622,*,
172,FIG Clothing,フィグ クローシング,,*,
173,Filson,フィルソン,4347,*,
174,Finn Comfort,フィン コンフォート,,*,
175,FitFlop,フィットフロップ,,*,
176,Fitzwell,フィッツウェル,,*,
177,Fj_llr_ven,フェールラーベン,2677,*,
178,Flojos,フロホース,,*,
179,Florsheim,フローシャイム,1735,*,
180,Foamtreads,フォームトレッド,,*,
181,For Bare Feet,フォーベアフィート,,*,
182,Fossil,フォッシル,1627,*,
183,Franco Sarto,フランコ サルト,,*,
184,Fred Perry,フレッド ペリー,,*,
185,Free People,フリー ピープル,,*,
186,Freebird,フリーバード,,*,
187,Freestyle,フリースタイル,10067,*,
188,Freewaters,フリーウォーターズ,,*,
189,French Connection,フレンチ コネクション,,*,
190,Frye,フライ,1646,*,
191,Fuel Belt,ヒュエル ベルト,,*,
192,Furla,フルラ,1720,*,
193,G.I.A. Luxe,ジーア ラックス,,*,
194,Gabriella Rocha,ガブリエラ ロカ,,*,
195,Geox,ジェオックス,,*,
196,G-III,ジースリー,,*,
197,Giorgio Brutini,ジョルジ オブルッティーニ,,*,
198,Giuseppe Zanotti,ジュゼッペ ザノッティ,6599,*,
199,Givenchy,ジバンシィ,,*,
200,Globe,グローブ,6236,*,
201,gorjana,ゴリアナ,,*,
202,Gregory,グレゴリー,696,*,
203,G-Shock,ジーショック,,*,
204,G-Star,ジースター,,*,
205,Gucci,グッチ,643,*,
206,GUESS,ゲス,727,*,
207,GX By Gwen Stefani,ジー エックス バイ グウェン ステファニー,,*,
208,Gypsy SOULE,ジプシー ソール,,*,
209,Haculla,ハーキュラ,,*,
210,Hadaki,ハダキ,,*,
211,Haflinger,ハフリンガー,,*,
212,Haiku,ハイク,,*,
213,Hale Bob,ヘイリー ボブ,,*,
214,Hammitt,ハミット,7423,*,
215,Hanna Andersson,ハナ アンダーソン,,*,
216,Harley-Davidson,ハーレー ダビッドソン,1411,*,
217,Harveys Seatbelt Bag,ハーベイズ シートベルトバッグ,,*,
218,Hatley,ハットレイ,,*,
219,Havaianas,ハワイアナス,3669,*,
220,Heelys,ヒーリーズ,,*,
221,Helle Comfort,ヘレコンフォート,,*,
222,Helly Hansen,ヘリーハンセン,1779,*,
223,HELMUT LANG,ヘルムートラング,1795,*,
224,Herschel Supply Co.,ハーシェル サプライ,,*,
225,High Sierra,ハイシェラ,1417,*,
226,Hi-Tec,ハイテック,1420,*,
227,Hobo,ホーボー,7963,*,
228,Hoka One One,ホカ オネオネ,,*,
229,Hollywood Fashion Secrets,ハリウッド ファッション シークレット,,*,
230,Hudson,エイチ バイ ハドソン,,*,
231,HUE,hue,13269,*,
232,HUF,ハフ,,*,
233,Hunter,ハンター,3690,*,
234,Hurley,ハーレー,1410,*,
236,Hush Puppies,ハッシュ パピー,,*,
237,Inov8,イノヴェイト,,*,
238,Irish Setter,アイリッシュセッター,114,*,
239,Isola,アイソラ,107,*,
240,Ivanka Trump,イヴァンカ トランプ,,*,
241,IVY KIRZHNER,アイビー カーズナー,,*,
242,J. Renee,ジェイレニー,,*,
243,Jack Rogers,ジャックロジャース,6559,*,
244,Jack Spade,ジャック・スペード,,*,
245,Jack Wolfskin,ジャック ウルフスキン,910,*,
246,Jag Jeans,ジャグ ジーンズ,,*,
247,Jambu,ジャンブー,,*,
248,Jamie Sadock,ジューシー クチュール,,*,
249,JanSport,ジャンスポーツ,11953,*,
251,Jean Paul Gaultier,ジャンポール ゴルチエ,,*,
252,Jeffery-West,ジェフリー ウエスト,,*,
253,Jessica McClintock,ジェシカ・マクリントック,,*,
254,Jessica Simpson,ジェシカ シンプソン,,*,
255,Jimmy Choo,ジミーチュウ,,*,
256,Jockey,ジョッキー,,*,
257,Joe's Jeans,ジョーズ ジーンズ,,*,
258,Johnston & Murphy,ジョンストン＆マーフィー,,*,
259,JORDAN,ジョーダン,9006,*,
260,Josef Seibel,ジョセフ セイベル,,*,
261,Josie,ジョジー,,*,
262,Ju-Ju-Be,ジュジュビ,,*,
263,Julbo Eyewear,ジュルボ,,*,
264,Jumping Jacks Kids,ジャンピン ジャック キッズ,,*,
265,Just Cavalli,ジャスト カヴァリ,,*,
266,Justin,ジャスティン,,*,
267,Kaenon,ケーノン,,*,
268,Kaenon,ケーノン,,*,
269,KAMALIKULTURE by Norma Kamali,カマリカルチャー バイ ノーマカマリ,,*,
270,Kamik,カミック,,*,
271,Kangol,カンゴール,596,*,
272,Kate Spade New York,ケイト スペード ニューヨーク,,*,
273,KAVU,カブー,9123,*,
274,Keds,ケッズ,728,*,
275,Keen,キーン,4432,*,
276,Kennel & Schmenger,ケンネル＆シュメンガー,,*,
277,Kenneth Cole,ケネスコール,730,*,
278,Kenneth Cole Reaction,ケネス コール リアクション,730,*,
279,Kenneth Jay Lane,ケネス ジェイレーン,6273,*,
280,King Baby Studio,キング ベイビー スタジオ,,*,
281,KNOMO London,ノモ ロンドン,,*,
282,K-Swiss,ケースイス,723,*,
284,Kuhl,キュール,,*,
285,KUT from the Kloth,カットフロムザクロス,,*,
286,K-WAY,ケイウェイ,,*,
287,L*Space,エル スペース,,*,
288,Lacoste,ラコステ,2087,*,
290,Lakai,ラカイ,,*,
292,Lanvin,ランバン,2122,*,
293,LAUREN by Ralph Lauren,ローレン ラルフ ローレン,2113,*,
294,Lauren Lorraine,ローレン ロレーヌ,,*,
295,Le Chameau,ル シャモー,,*,
296,Le Mystere,ル ミステール,,*,
297,Le Specs,ル スペックス,,*,
298,Leather Couture by Jessica Galindo,レザークチュールバイジェシカガリンドー,,*,
299,LeSportsac,レスポートサック,2217,*,
300,Liebeskind,リーベスキンド,,*,
301,Life is good,ライフ イズ グッド,,*,
302,Lilly Pulitzer,リリー ピュリッツァー,,*,
303,Lipault Paris,リップオールト パリス,,*,
304,Lodis Accessories,ロディス アクセサリー,,*,
305,Loeffler Randall,ロフラー ランドール,,*,
306,Loudmouth Golf,ラウドマウスゴルフ,,*,
307,LOVE Moschino,ラブ モスキーノ,,*,
308,Love Quotes,ラブクオーツ,,*,
309,LRG,エルアールジー,,*,
310,Lucchese,ルケーシー,,*,
311,Lucky Brand,ラッキーブランド,8398,*,
312,Lucy,ルーシー,,*,
313,Lucy Love,ルーシーラブ,,*,
314,Lugz,ラグス,,*,
315,M&F Western,ウエスタン,,*,
316,Macbeth,マクベス,,*,
317,Magnanni,マグナーニ,1889,*,
318,Majorica,マジョリカ,,*,
319,Manduka,マンドゥカ,,*,
320,Mara Hoffman,マラ ホフマン,,*,
321,Marc by Marc Jacobs,マーク バイ マーク ジェイコブス,3533,*,
322,Marc Jacobs,マーク ジェイコブス,,*,
323,Marciano,マルチアーノ,,*,
324,Marmot,マーモット,8037,*,
325,Massimo Matteo,マッテオ マッシモ,,*,
326,Matisse,マティス,,*,
327,Matix Clothing Company,マチックスクローシング カンパニー,,*,
328,Maui Jim,マウイ ジム,,*,
329,Mavi Jeans,マーヴィ ジーンズ,,*,
330,McQ,マッキュー,,*,
331,Melissa Shoes,メリッサ シューズ,,*,
332,Mephisto,メフィスト,,*,
333,Merrell,メレル,2003,*,
334,Messico,メッシコ,,*,
335,Mezlan,メツラン,,*,
336,Michael Kors,マイケル コース,3534,*,
337,Michael Stars,マイケル スターズ,,*,
338,Michele,ミシェル,,*,
339,Mighty Purse,マイティー パース,,*,
340,MINKPINK,ミンクピンク,10173,*,
341,Minnetonka,ミネトンカ,1965,*,
342,Miraclebody Jeans,ミラクルボディージーンズ,,*,
343,Miraclesuit,ミラクルスーツ,,*,
344,Missoni,ミッソーニ,1963,*,
345,Mitchell_Ness,ミシェルネス,,*,
346,Miz Mooz,ミズムーズ,,*,
347,Mizuno,ミズノ,1958,,
349,Modahnik,モダニック,,*,
350,Montrail,モントレール,2029,*,
351,Mountain Hardwear,マウンテン ハードウェア,,*,
352,Mountain Khakis,マウンテン カーキ,,*,
353,Moving Comfort,ムービング コンフォート,,*,
354,Munro American,マンロー アメリカ,,*,
355,My Flat In London,マイフラットインロンド,,*,
356,Mynt 1792,ミント 1792,,*,
357,Naot Footwear,ナオトフット ウェアー,,*,
358,Nathan,ネイサン,,*,
360,Native Eyewear,ネイティブ アイウェアー,,*,
361,Native Shoes,ネイティブ シューズ,,*,
362,Natori,ナトリ,,*,
363,Naturalizer,ナチュラライザー,7226,*,
364,Naturino,ナチュリーノ,,*,
365,Nautica,ノーティカ,1372,*,
366,Neff,ネフ,1366,*,
367,Neil Barrett,ニール バレット,1340,*,
368,New Balance,ニューバランス,1352,*,
371,New Era,ニューエラ,7261,*,
372,Newton Running,ニュートン ランニング,,*,
373,NIC+ZOE,ニック＋ゾー,,*,
374,Nicole Miller,ニコルミラー,1344,*,
375,Nike,ナイキ,1319,,登録OK
377,Nike ACG,ナイキ エーシージー,1319,,登録OK
378,Nike Golf,ナイキ ゴルフ,1319,,登録OK
379,Nike SB,ナイキ エスビー,1319,,登録OK
380,Nina,ニーナ,,*,
381,Nine West,ナインウエスト,1321,*,
382,Nixon,ニクソン,3436,*,
383,NYDJ,エヌ ワイ ディー ジェー,,*,
384,Old Gringo,オールドグリンゴ,,*,
385,Old Soles,オールドソールズ,,*,
386,Old West Boots,オールド ウエスト ブーツ,,*,
387,Oliberte,オリバーテ,,*,
388,OluKai,オルカイ,,*,
389,On,オン,,*,
390,O'Neill,オニール,514,*,
391,Onex,オネックス,,*,
392,Onitsuka Tiger,オニツカタイガー,516,*,
393,Original Penguin,オリジナル ペンギン,,*,
394,Oscar de la Renta,オスカー デ ラ レンタ,506,*,
395,Osprey,オスプレー,,*,
396,OXO,オクソー,,*,
397,Pacsafe,パックセーフ,,*,
398,Paige,ペイジ,,*,
399,Palladium,パラディウム,1478,*,
400,Pampili,パンピーリ,,*,
401,Patagonia,パタゴニア,1445,*,
402,Patricia Nash,パトリシア ナッシュ,,*,
403,Paul Smith,ポールスミス,1820,*,
404,Pazitos,パジトス,,*,
405,Pearl Izumi,パールイズミ,2674,*,
406,pediped,ペディペド,,*,
407,Pedro Garcia,ペドロ ガルシア,,*,
408,Pendleton,ペンドルトン,,*,
409,Penfield,ペンフィールド,7946,*,
410,Perry Ellis,ペリー エリス,1778,*,
411,Persol,ペルソール,,*,
412,petunia pickle bottom,ペチュニア ピックル ボトム,,*,
413,Petzl,ペツル,,*,
414,Philip Stein,フィリップスタイン,,*,
415,Pikolinos,ピコリーノス,,*,
416,Pistil,ピスティル,,*,
417,Polo Ralph Lauren,ポロ ラルフ ローレン,1856,*,
418,Prada,プラダ,1657,*,
419,Prana,プラナ,,*,
420,Primigi Kids,プリミジ キッズ,,*,
421,PRIVATE STOCK,プライベート ストック,,*,
422,Proenza Schouler,プロエンザスクーラー,3531,*,
423,Profile Design,プロファイルデザイン,3906,*,
424,Project Canvas,プロジェクトキャンバス,,*,
425,Propet,プロペット,,*,
426,PUMA,プーマ,1611,,登録OK
428,Quiksilver,クイックシルバー,630,*,
430,RAEN Optics,レイン オプティクス,,*,
431,Ralph Lauren Collection,ラルフローレン,1856,*,
432,Ray-Ban,レイバン,2207,*,
433,Rebecca Minkoff,レベッカミンコフ,8662,*,
434,Red Jacket,レッドジャケット,,*,
435,RED VALENTINO,レッドヴァレンティノ,,*,
436,Red Wing Heritage,レッドウィング ヘリテージ,,*,
437,Reebok,リーボック,2131,,
439,Reef,リーフ,2130,*,
440,Rieker,リーカー,,*,
441,Rip Curl,リップ カール,,*,
442,Robert Clergerie,ロベール クレジュリー,,*,
443,Robert Graham,ロバート グラハム,,*,
444,Roberto Cavalli,ロベルト・カヴァリ,2289,*,
445,Roberto Coin,ロベルトコイン,8737,*,
446,Rock Revival,ロックリバイバル,,*,
447,Rockport,ロックポート,2277,*,
448,Romika,ロミカ,2291,*,
449,Roper,ローパー,,*,
450,Roxy,ロキシー,2262,*,
452,rsvp,アールエスブイピー,,*,
453,RVCA,ルーカ,8569,*,
454,Ryka,ライカ,2073,*,
455,Salt Water Sandal by Hoy Shoes,ソルト ウォーターサンダル,,*,
456,Salvatore Ferragamo,サルヴァトーレ・フェラガモ,833,*,
458,Sam Edelman,サム エデルマン,6393,*,
459,Samsonite,サムソナイト,830,*,
460,San Diego Hat Company,サン ディエゴ ハット カンパニー,,*,
461,Sanita,サニタ,,*,
462,Sanuk,サヌーク,11705,*,
464,Saucony,サッカーニ,812,*,
466,Scarpa,スカルパ,,*,
467,Seafolly,シーフォリー,,*,
468,SeaVees,シービーズ,,*,
469,Sebago,セバゴ,,*,
470,See by Chloe,シーバイクロエ,4603,*,
471,See Kai Run Kids,シー カイ ラン キッズ,,*,
472,Seirus,セイラス,,*,
473,Sergio Rossi,セルジオ ロッシ,1078,*,
474,Sigerson Morrison,ベレバイシガーソン モリソン,,*,
475,SJP by Sarah Jessica Parker,サラ・ジェシカ・パーカー,3143,*,
476,SKECHERS,スケッチャーズ,1006,*,
477,Skullcandy,スカルキャンディー,,*,
478,Sorel,ソレル,,*,
480,Southpole,サウスポール,,*,
481,Sperry Top-Sider,スペリー・トップサイダー,1045,*,
482,Stacy Adams,ステイシーアダム,,*,
484,Stance,スタンス,,*,
485,Stella McCartney,ステラ・マッカートニー,3514,*,
486,Stephen Webster,スティーブン ウェブスター,,*,
487,Steve Madden,スティーブマデン,6726,*,
489,Strength,ストレングス,,*,
490,Stuart Weitzman,スチュアート ワイツマン,1023,*,
491,Superga,スペルガ,1046,*,
492,Supra,スープラ,9005,*,
494,Ted Baker,テッドベーカー,,*,
495,Terramar,テラマール,,*,
496,Teva,テバ,1240,,
497,The North Face,ザ ノースフェイス,801,*,
498,THERAFIT,セオリー,,*,
499,Therm-a-Rest,サーマレスト,,*,
500,Tifosi,ティフォージ,,*,
501,Tifosi Optics,ティフォージ オプティクス,,*,
502,Timex,タイメックス,1113,*,
503,Tory Burch,トリー バーチ,5107,*,
504,Touch,タッチ,,*,
505,Trask,トラスク,,*,
506,Travelpro,トラベルプロ,,*,
507,TravisMathew,トラビスマシュー,,*,
508,Trina Turk,トリーナ ターク,,*,
509,Trotters,トロッターズ,,*,
510,True Religion,トゥルーレリジョン,1270,*,
511,Tumi,トゥミ,1268,*,
512,Tundra Boots,ツンドラ ブーツ,,*,
513,Type Z,タイプゼット,,*,
514,TYR,ティア,,*,
515,Umi Kids,ウミ キッズ,,*,
516,Under Armour,アンダーアーマー,235,*,
518,Unequal,アンイコール,,*,
519,Us Angels,ユーエス エンジェル,,*,
520,Valentino,ヴァレンティノ,299,*,
521,Vans,バンズ,1501,*,
523,Vera Bradley,ヴェラ ブラッドリー,,*,
524,Vera Wang,ヴェラ ウォン,3131,*,
525,Versace,ヴェルサーチ,,*,
526,Vestal,べスタル,,*,
527,VF Imagewear,ブイエフイメージフェアー,,*,
528,Vibram,ヴィブラム,,*,
529,Vibram FiveFingers,ビブラム ファイブフィンガーズ,,*,
531,Victorinox,ビクトリノックス,1537,*,
533,Vince,ヴィンス,4227,*,
534,Vince Camuto,ヴィンス カムート,,*,
535,Vineyard Vines,バインヤード バインズ,,*,
536,VIONIC with Orthaheel Technology,バイオニック ウィズ オーサヒール,,*,
537,VISSLA,ヴィスラ,,*,
538,Vivanz,ヴィヴァン,,*,
539,Vivienne Westwood,ヴィヴィアンウエストウッド,5722,*,
540,Vix,ヴィックス,,*,
541,VOLATILE,ボラタイル,,*,
542,Volcom,ボルコム,8004,*,
544,Volley Australia,ヴォレー オーストラリア,,*,
545,Wacoal,ワコール,2303,*,
546,Will Leather Goods,ウィルレザーグッズ,,*,
547,Wolverine,ウルヴァリン,350,*,
548,Woolrich,ウールリッチ,,*,
549,XCVI,エックスシーブイアイ,,*,
550,Yellow Box,イエローボックス,,*,
551,Yosi Samra,ヨシ サムラ,,*,
552,Y's by Yohji Yamamoto,ワイズ ヨウジヤマモト,2059,*,
553,Yummie by Heather Thomson,ユミー バイ ヘザートムソン,,*,
554,ZAC Zac Posen,ザック ポーゼン,,*,
555,Zeal Optics,ジール オプティクス,,*,
,,,,,
新規追加ブランド,,,,,
1,1.STATE ,ワンステート,,,
2,34 Heritage ,サーティーフォーヘリテージ,,,
3,5.11 Tactical ,ファイブイレブンタクティカル,,,
4,4Ward Clothing ,フォーワードクローシング,,,
5,6 Shore Road by Pooja ,シックスショアロード,,,
6,A-Morir ,アーモレイヤ,,,
7,ADA Collection ,エーディーエーコレクション,,,
8,Adelyn Rae ,アドレインラエ,,,
9,AG Adriano Goldschmied ,エージーアドリアーノゴールドシュミット,,,
10,Agave Denim ,アガベデニム,,,
11,Agent Provocateur ,エージェントプロヴォケイター,,,
12,Agua De Coco by Liana Thomaz ,アグアデココ,,,
13,AKID Brand ,エイキッドブランド,,,
14,Akomplice ,アコンプライス,9340,,
15,Alberta Ferretti ,アルベルタフェレッティ,,,
16,Alex and Ani ,アレックスアンドアニ,,,
17,Alice + Olivia,アリスアンドオリビア,,,
18,Allen Allen ,アレンアレン,,,
19,ALO ,アロー,,,
20,Alpha Industries ,アルファインダストリーズ,,,
21,Altra Footwear ,アルトラフットウェア,,,
22,"AmeriBag, Inc. ",アメリバック,,,
23,American Fighter ,アメリカンファイター,,,
24,Amiana ,アミアナ,,,
25,Amuse Society ,アミューズソシエティ,,,
26,Andre Assous ,アンドレアスース,,,
27,Anita ,アニタ,,,
28,Anna Beck ,アナベック,,,
29,Anne Klein New York ,アンクラインニューヨーク,,,
30,Aquatalia ,アクアタリナ,,,
31,ara ,アラ,,,
32,Aravon ,アラヴォン,,,
33,Arche ,アルシュ,,,
34,Arcopedico ,アルコペディコ,,,
35,ASKA ,アスカ,,,
36,Asolo ,アゾロ,,,
37,ASTR the Label ,アスターザレーベル,,,
38,Athena ,アシーナ,,,
39,Athletic Propulsion Labs (APL) ,アスレチックプロパルションラブス,,,
40,Atlas ,アトラス,,,
41,ATM Anthony Thomas Melillo ,アンソニートーマスメリロー,,,
42,Aventura Clothing ,アベンチュラクロージング,,,
43,B Brian Atwood ,ブラインアトウッド,,,
44,B Collection by Bobeau ,ビーコレクション,,,
45,b.tempt'd ,ビーテンプティッド,,,
46,Babiators ,ベビエーター,,,
47,Baby Jogger ,ベビージョガー,,,
48,Bacco Bucci ,バッコブッチ,,,
49,Badgley Mischka ,バッジェーリミシュカ,,,
50,Bailey of Hollywood ,ベイリーオブハリウッド,,,
51,Balenciaga ,バレンシアガ,,,
52,Bally ,バリー,1482,,
53,Bates Footwear ,ベイツフットウェア,,,
54,Bebe au Lait ,べべオレ,,,
55,BedHead ,ベットヘッド,,,
56,Bedroom Athletics ,ベットルームアスレチクス,,,
57,BELSTAFF ,ベルスタッフ,,,
58,Betmar ,ベットマー,,,
59,Billy Reid ,ビリーリード,,,
60,Bindya ,ビンディア,,,
61,Bionica ,ビオニカ,,,
62,Bishop + Young ,ビショップアンドヤング,,,
63,Black Diamond ,ブラックダイヤモンド,,,
64,Blanc Noir ,ブランノワール,,,
65,Bleu Rod Beattie ,ブルーロッドビーティー,,,
66,Bloch ,ブロック,,,
67,Blondo ,ブロンド,,,
68,Blue Life ,ブルーライフ,,,
69,Blundstone ,ブランドストーン,,,
70,Bobux Kids ,ボブックスキッズ,,,
71,Bogner Fire + Ice ,ボグナー,,,
72,Botkier ,ボトキエ,,,
73,Boutique Moschino ,ブティックモスキーノ,,,
74,Bowie X James ,ボウイジェームス,,,
75,Bric's Milano ,ブリックスミラノ,,,
76,Bruno Magli ,ブルーノマリ,,,
77,Buffalo David Bitton ,バッファローデビットバトン,,,
78,BUGATCHI ,ブガッチ,,,
79,C&C California ,シーアンドシーカルフォルニア,,,
80,Call it SPRING ,コールイットスプリング,,,
81,Callisto of California ,カリストオブカルフォルニア,,,
82,Calou Stockholm ,カルロストックホルム,,,
83,Captain Fin ,キャプテンフィン,,,
84,CARLOS by Carlos Santana ,カルロスサンタナ,,,
85,Carolina ,カロライナ,,,
86,Carrucci ,カールッチ,,,
87,Cashmere In Love ,カシミアインラブ,,,
88,CeCe ,シーシー,,,
89,Charlotte Olympia ,シャーロットオリンピア,,,
90,Chaser Kids ,チェイサーキッズ,,,
91,Chicago Skates ,シカゴスケート,,,
92,CHLOE GOSSELIN ,クロエゴセリン,,,
93,Christin Michaels ,クリスティンミッシェル,,,
94,Chrome ,クローム,,,
95,Clae ,クレー,,,
96,Clayton ,クレイトン,,,
97,Clear Weather ,クリアウェザー,,,
98,Comfortiva ,コンフォーティバ,,,
99,Commando ,コマンドー,,,
100,Coobie ,クービー,,,
101,Coolway ,クールウェイ,,,
102,Cordani ,コルダーニ,,,
103,Corral Boots ,コラル,,,
104,Corso Como ,コルソコモ,,,
105,Cosatto ,コサット,,,
106,Costa ,コスタ,,,
107,Crabbyclaws ,クラビークラウ,,,
108,Crosby Square ,クロスビースクエア,,,
109,Cruel ,クルーエル,,,
110,Cufflinks Inc. ,カフリンクス,,,
111,Culture Phit ,カルチャーフィット,,,
112,Custom Ketchup ,カスタムケチャップ,,,
113,Cycleur de Luxe ,サイクラーデラックス,,,
114,D.GNAK ,ディナック,,,
115,Dale of Norway ,ダーレオブノルウェイ,,,
116,Dan Post ,ダンポスト,,,
117,Daniel Green ,ダニエルグリーン,,,
118,DBYD ,ディーバイディー,,,
119,Deer Stags ,ディアースタッグス,,,
120,Del Toro ,デルトロ,,,
121,Delsey ,デルセー,,,
122,Depressed Monsters ,デプレスドモンスターズ,,,
123,Diadora ,ディアドラ,,,
124,Dingo ,ディンゴ,,,
125,DKNY ,ディーケーエヌワイ,7012,,
126,DL1961 ,ディーエル1961,,,
127,Double D Ranchwear ,ダブルディーランチウェア,,,
128,Doucal's ,デュカルス,,,
129,Drew ,ドリュー,,,
130,Drymax Sport ,ドライマックススポーツ,,,
131,Dunham ,ダナム,,,
132,Durango ,デュランゴ,,,
133,DUVETICA ,デュベティカ,,,
134,Dylan by True Grit ,ディラン,,,
135,Eastland 1955 Edition ,イーストランド1995エディション,,,
136,Easy Spirit ,イージースピリット,,,
137,ED Ellen DeGeneres ,エレンジェネレス,,,
138,Eileen Fisher ,アイリーンフィッシャー,,,
139,Eileen West ,アイリーンウエスト,,,
140,Eleven by Venus Williams ,イレブンバイビーナスウィリアムズ,,,
141,Ella Moss ,エラモス,,,
142,Ellen Tracy ,エレントレーシー,,,
143,Elliott Lucca ,エリオットルカ,,,
144,ELSE ,エルス,,,
145,Emerica,エメリカ,4390,,
146,EPIC Travelgear ,エピックトラベルギア,,,
147,EQUIPMENT ,エキプモン,,,
148,ESCADA ,エスカーダ,389,,
149,ethika ,エティカ,,,
150,Etro ,エトロ,,,
151,Eva by Eva Franco ,エヴァフランコ,,,
152,eve jnr ,イブジュニア,,,
153,EVOLV ,イボルブ,,,
154,eyebobs ,アイボブズ,,,
155,Falke ,ファルケ,,,
156,Fashion Forms ,ファッションフォーム,,,
157,Favorite Characters ,フェイバリットキャラクターズ,,,
158,FDJ French Dressing Jeans ,エフディジェイフレンチ,,,
159,Fisher Price ,フィッシャープライス,,,
160,Five Ten ,ファイブテン,,,
161,fiveloaves twofish ,ファイブローブストゥーフッシュ,,,
162,FLY LONDON ,フライロンドン,,,
163,Flynn Skye ,フリンスカイ,,,
164,Foley & Corinna ,フォリーコリーナ,,,
165,Foot Petals ,フットペタルス,,,
166,FootJoy ,フットジョイ,,,
167,FootMates ,フットメイツ,,,
168,For Love and Lemons ,フォーラブアンドレモン,,,
169,Fox River ,フォックスリバー,,,
170,Frances Valentine ,フランシスヴァレンタイン,,,
171,French Sole ,フレンチソール,,,
172,Fresh Produce ,フレッシュプロデュース,,,
173,Freshly Picked ,フレッシュリーピクト,,,
174,FUZZI,ファジー,,,
175,G.H. Bass & Co. ,ジーエイチバス,,,
176,Gabor ,ガボール,6036,,
177,Gabriela Cadena ,ガブリエラカデナ,,,
178,Gentle Souls ,ジェントルソウルズ,,,
179,Georgia Boot,ジョージアブーツ,,,
180,Geox,ジェオックス,,,
181,Giesswein,ギースヴァイン,,,
184,Giro,ジロ,,,
187,God's Masterful Children,ゴッズマスターフルチルドレン,,,
188,Gola,ゴーラ,,,
189,Gold & Gravy,ゴールドアンドグレイビー,,,
190,Goorin Brothers,グリーンブラザーズ,,,
191,Goosecraft,グースクラフト,,,
192,Gordon Rush,ゴードンラッシュ,,,
194,Gravati,グラバティ,,,
195,Grenson,グレンソン,,,
196,Halston Heritage,ホルストンヘリテイジ,,,
197,Hanky Panky,ハンキーパンキー,,,
198,Hanro,ハンロ,,,
199,Hard Tail,ハードテイル,,,
200,Hari Mari,ハリマリ,,,
201,Hartmann,ハートマン,,,
202,Hat Attack,ハットアタック,,,
203,HEATHER,ヘザー,,,
204,Hedgren,ヘデグレン,,,
205,HELM Boots,へレムブーツ,,,
206,Hestra,へストラ,,,
207,Heys America,ヘイズ,,,
208,Hi-Tec,ハイカム,,,
209,High Sierra,ハイシェラ,,,
210,Hispanitas,ヒスパニタス,,,
211,HOOD Rubber Company,フードラバーカンパニー,,,
212,Hot Chillys,ホットチリーズ,,,
213,House of Harlow 1960,ハウスオブハーロウ1960,,,
214,HOUSE OF HOLLAND,ハウスオブホランド,,,
215,HUE,フー,,,
216,Icebreaker,アイスブレーカー,,,
217,Igor,イゴール,,,
218,Ilse Jacobsen,イルセヤコブセン,,,
219,Independence Day Clothing Co,インディペンデンスデイクローシング,,,
220,Injinji,インジンジ,,,
221,inov-8,イノヴェイト,,,
222,Intropia,イントロピア,,,
223,J Brand,ジェイブランド,,,
224,James Campbell,ジェームスキャンベル,,,
225,Jane & Bleecker,ジェーンアンドブリーカー,,,
226,Jantzen,ジャンセン,,,
227,Jason Wu,ジェイソンウー,,,
228,JBU,ジェービーユー,,,
229,Jean Shop,ジーンショップ,,,
230,Jefferies Socks,ジェフリーズソックス,,,
231,Jen's Pirate Booty,ジェンズパイレーツブーティー,,,
232,Jeremiah,ジェレマイアー,,,
233,Jeremy Scott,ジェレミースコット,,,
234,Jerome C. Rousseau,ジェロームシールソー,,,
235,Jerusalem Sandals,エレサレムサンダル,,,
236,JETS by Jessika Allen,ジェッツバイジェシカアレン,,,
237,Jil Sander Navy,ジルサンダーネイビー,979,,
238,Jil Sander,ジルサンダー,979,,
239,JILL JILL STUART,ジルスチュアート,3505,,
240,JL by Judith Leiber,ジュディスリーバー,,,
241,John Varvatos,ジョンバルベイトス,,,
242,Johnny Was,ジョニーワズ,,,
243,Joie,ジョイー,,,
244,Jonathan Simkhai,ジョナサンシンカイ,,,
245,Josmo Kids,ジョスモキッズ,,,
246,Juicy Couture,ジューシークチュール,,,
247,Karen Kane,カレンケーン,,,
248,Karl Lagerfeld Kids,カールラガーフェルドキッズ,3505,,
249,Katy Perry,ケイティペリー,,,
250,KEEPSAKE THE LABEL,キープセイクザレーベル,,,
251,Kelsi Dagger Brooklyn,ケルシーダッガー,,,
252,Kelty,ケルティ,,,
253,KENDALL + KYLIE,ケンダルアンドカイリー,,,
254,Kender West,ケンダーウエスト,,,
255,Kendra Scott,ケンドラスコット,,,
256,kensie,ケンジー,6278,,
257,Kenzo,ケンゾー,736,,
258,Khombu,コンブ,,,
259,Kid Express,キッズエクスプレス,,,
260,KINETIX,キネクティス,,,
261,Kipling,キプリング,603,,
262,Kiyonna,キヨンナ,,,
263,Klogs Footwear,ケイログス,,,
264,Kork-Ease,コークイーズ,,,
265,Krazy Larry,クレイジーラリー,,,
266,Kroon,クルーン,,,
267,L'Artiste by Spring Step,スプリングステップ,,,
268,L.B. Evans,エルビーエヴァンス,,,
269,L.K. Bennett,エルケーベネット,,,
270,La Blanca,ラブランカ,,,
271,La Canadienne,ラカナディアン,,,
272,La Perla,ラペルラ,,,
273,La Sportiva,スポルティバ,,,
274,Lack of Color,ラックオブカラー,,,
275,LAmade,エルエーメイド,,,
276,LAMARQUE,ラマルク,,,
277,Lanston,ランストン,,,
278,Laredo,ラレド,,,
279,Laundry by Shelli Segal,ランドリーバイシェリルリーガル,,,
280,Le Mystere,ルミスティール,,,
281,Leatherock,レザーロック,,,
282,Letarte,ルタート,,,
283,Level 99,レベル99,,,
284,Levi's_,リーバイス,2129,,
285,LFL by Lust For Life,ラストフォーライフ,,,
286,Life is Beautiful,ライフイズビューティフル,,,
287,Lifefactory,ライフファクトリー,,,
288,LifeStride,ライフストライド,,,
289,Lilla P,リラピー,,,
290,Limi Feu,リミフゥ,,,
291,Linda Farrow Luxe,リンダーファロウリュクス,,,
292,Linksoul,リンクソウル,,,
293,Lisette L Montreal,リゼットエルモントリオール,,,
294,Little Giraffe,リトルジラフ,,,
295,Liverpool,リバプール,,,
296,Livie & Luca,リビーアンドルカ,,,
297,LNA,エルエヌエー,,,
298,Lole,ローレ,,,
299,lolli LIVING,ロリリビング,,,
300,Lorna Jane,ローナジェーン,,,
301,Lotus,ロータス,,,
302,Louis Garneau,ルイガノ,2669,,
303,Louise et Cie,ルイーズエセー,,,
304,Lovers + Friends,ラヴァーズフレンズ,,,
305,Lowa,ローバー,,,
306,Luli Fama,ルリファマ,,,
307,Lysse,リジー,,,
308,M4D3,エムフォーディースリー,,,
309,Maaji,マージ,,,
310,Maggy London,マギーロンドン,,,
311,Magicsuit,マジックスーツ,,,
312,Magnum,マグナム,,,
313,Manila Grace,マニラグレース,,,
314,Marc Fisher LTD,マークフィッシャー ,,,
315,Marc New York by Andrew Marc,アンデュリューマーク,,,
316,Marchesa,マルケッサ,,,
317,MARNI,マルニ,1934,,
318,Marsell,マルセル,10158,,
319,Mary Frances,メリーフランシス,,,
320,Marysia,マリシア,,,
321,Matiere,マティエール,,,
322,Matt Bernson,マットバーンソン,,,
323,Me Too,ミートゥー,,,
324,meli melo,メリメロ,,,
325,Members Only,メンバーズオンリー,,,
326,Miansai,ミアンサイ,,,
327,Michael Antonio,マイケルアントニオ,,,
328,Michael Bastian Gray Label,マイケルバスティアン,,,
329,Mini Melissa,ミニメリッサ,,,
330,mini rodini,ミニロディーニ,,,
331,Miseno,ミゼノ,,,
332,Miu Miu,ミュウミュウ,1968,,
333,MM6 Maison Margiela,エムエムシックスメゾンマルジェラ,8249,,
334,Mod-o-doc,モドオードック,,,
335,Monreal London,モンレアルロンドン,,,
336,Morgan&Milo Kids,モーガンミロキッズ,,,
337,Moschino,モスキーノ,2013,,
338,Mostly Heard Rarely Seen,モストリーハードレアリーシーン,,,
339,Mountain Buggy,マウンテンバギー,,,
340,Movado,モバード,2018,,
341,Mr. Swim,ミスタースイム,,,
342,Munster Kids,マンスターキッズ,,,
343,Naked & Famous,ネイキッドアンドフェイマス,,,
344,Nally & Millie,ナリーアンドミリー,,,
345,nANA jUDY,ナナジュディ,,,
346,Nanette Lepore,ナネットレポー,,,
347,NAU,ナウ,,,
348,Next by Athena,ネクストバイアシーナ,,,
349,NO KA'OI,ノカオイ,,,
350,Not Rated,ノットレイテッド,,,
351,Nunn Bush,ナンブッシュ,,,
352,Nununu,ヌヌヌ,,,
353,Nurse Mates,ナースメイト,,,
354,Obermeyer,オバマイヤー,,,
355,Obey,オベイ,5968,,
356,Oboz,オボズ,,,
357,OGIO,オジオ,,,
358,ohw?,フー,,,
359,Old Friend,オールドフレンド,,,
360,Oliver Peoples,オリバーピープルズ,,,
361,OnGossamer,オンゴサマー,,,
362,onia,オニア,,,
363,Only Hearts,オンリーハーツ,,,
364,ONLY,オンリー,,,
365,Onzie,オンジー,,,
366,OOFOS,オーフォス,,,
367,Orla Kiely,オーラカイリー,,,
368,Osiris,オサイラス,,,
369,OTBT,オーティービーティー,,,
370,Outdoor Research,アウトドアリサーチ,,,
371,P.J. Salvage,ピージェイサルベージ,,,
372,Pablosky Kids,パブロスキーキッズ,,,
373,PACT,パクト,,,
374,Pajar CANADA,パジャーカナダ,,,
375,PARC City Boot,パークシティブーツ,,,
376,Parker Smith,パーカースミス,,,
377,Patricia Green,パトリシアグリーン,,,
378,Paul Green,ポールグリーン,,,
379,Pelle Moda,ペレモーダ,,,
380,People Footwear,ピープルフットウェア,,,
381,People's Project LA Kids,ピープルズプロジェクト,,,
382,PF Flyers,ピーエフフライヤーズ,,,
383,phil&teds,フィルアンドテッズ,,,
384,Pierre Balmain,ピエールバルマン,,,
385,PLAE,プレイ,,,
386,Plush,プラッシュ,,,
387,Poler,ポーラ,1813,,
388,Pomellato 67,ポメラート,,,
389,Powerstep,パワーステップ,,,
390,Prabal Gurung,プラバルグルン,,,
391,Preen by Thornton Bregazzi,プリーンバイソーントンブレガッジー,,,
392,Pretty Polly,プリティポリー,,,
393,Primitive,プリミティブ,,,
394,Project Social T,プロジェクトソーシャルティ,,,
395,Publish,パブリッシュ,,,
396,Pumpkin Patch Kids,パンプキンパッチキッズ,,,
397,QUAY AUSTRALIA,キーアイウェアオーストラリア,,,
398,Rachel Comey,レイチェルコーミー,,,
399,Rachel Kids,レイチェルキッズ,,,
400,Rachel Pally,レイチェルパリー,,,
401,Rachel Zoe,レイチェルゾーイ,,,
402,Racine Carr_e,ラシーヌキャレ,,,
403,rag & bone,ラグアンドボーン,,,
404,Ralph Lauren Baby,ラルフローレンベビー,1856,*,
405,Randolph,ランドルフ,,,
406,RAYE,レイエ,,,
407,Rebecca Taylor,レベッカテイラー,2234,,
408,Red Carter,レッドカーター,,,
409,Religion,レリジョン,,,
410,Report,レポート,,,
411,Richer Poorer,リッチャープアラー,,,
412,Rimowa,リモワ,2160,,
413,Rip Curl,リップカール,,,
414,Roark,ロアーク,,,
415,Robeez,ロビーズ,,,
416,Robert Lee Morris,ロバートリーモーリス,,,
417,Rochas,ロシャス,,,
418,Rock and Roll Cowboy,ロックアンドロールカウボーイ,,,
419,Rock and Roll Cowgirl,ロックアンドロールカウガール,,,
420,Rock Your Baby,ロックユアベイビー,,,
421,Rocket Dog,ロケットドッグ,,,
422,Royal Robbins,ロイヤルロビンス,,,
423,Ruffwear,ラフウェア,,,
424,Rupert Sanderson,ルパートサンダーソン,,,
425,Saint Laurent,サンローラン,,,
426,SALEWA,サレワ,,,
427,Salomon,サロモン,835,,
428,Salt Water Sandal by Hoy Shoes,ソルトウォーターサンダル,,,
429,Sanctuary,サンクチュアリ,,,
430,SAS,エスエーエス,,,
431,Satorisan,サトリサン,,,
432,Save the Duck,セイブザダック,,,
433,SAXX UNDERWEAR,サックスアンダーウェア,,,
434,Sbicca,スビカ,,,
435,SCALA,スカラ,,,
436,Schutz,シュッツ,,,
437,Scotch & Soda,スコッチアンドソーダ,,,
438,Scott Hawaii,スコットハワイ,,,
439,Scully,スカリー,,,
440,Seychelles,セイシェルズ,,,
441,Shellys London,シェリーズロンドン,,,
442,Sherpani,シェルパニ,,,
443,Shimano,シマノ,,,
444,Shinola Detroit,シャイノラデトロイト,,,
445,Shock Absorber,ショックアブソーバー,,,
446,Show Me Your Mumu,ショーミーユアムームー,,,
447,Shwood,シュウッド,,,
448,Simple,シンプル,,,
449,Skagen,スカーゲン,6694,,
450,Skarlett Blue,スカーレットブルー,,,
451,Skirt Sports,スカートスポーツ,,,
452,Smartwool,スマートウール,,,
453,Smith Optics,スミスオプティクスエリート,,,
454,Socksmith,ソックスミス,,,
455,Sof Sole,ソフソール,,,
456,Sofft,ソフト,,,
457,Soft Style,ソフトスタイル,,,
458,Sol Sana,ソルサナ,,,
459,SOLE,ソール,,,
460,Solemates,ソウルメイト,,,
461,Soleus,ソリアス,,,
462,SOLO,ソロ,,,
463,Soludos,ソルドス,,,
464,Sonia by Sonia Rykiel,ソニアバイソニアリキエル,,,
465,Sonia Rykiel Kids,ソニアリキエルキッズ,,,
466,Soybu,ソイブー,,,
467,Spanx,スパンクス,,,
468,Speedo,スピード,,,
469,Spenco,スペンコ,,,
470,Sperry,スペリー,,,
471,Spira,スピラ,,,
472,Spiritual Gangster,スピリチュアルギャングスター,,,
473,Splendid,スプレンディッド,,,
474,Sportmax,スポーツマックス,6764,,
475,Spring Step,スプリングステップ,,,
476,Spy Optic,スパイオプティック,,,
477,Spyder,スパイダー,,,
478,Stetson,ステットソン,,,
479,Stonewear Designs,ストーンウェアデザイン,,,
480,Stonz,ストーンズ,,,
481,Stride Rite,ストライドライト,,,
482,STS Ranchwear,エスティーエスランチウェア,,,
483,Stuart Weitzman,スチュアートワイツマン,,,
484,Suecomma Bonnie,シューコンマボニー,,,
485,Summit by White Mountain,サミットバイホワイトマウンテン,,,
486,SunCloud Polarized Optics,サンクラウドポラライズドオプティクス,,,
487,Super,スーパー,,,
488,Superfeet,スーパーフィート,,,
489,Susana Monaco,スサナモナコ,,,
490,Suunto,スント,,,
491,Swarovski,スワロフスキー,1056,,
492,Swedish Hasbeens,スウェディッシュハズビーンズ,,,
493,Tahari by ASL,タハリバイエーエスエル,,,
494,Tahari,タハリ,,,
495,Tamaris,タマリス,,,
496,Taos Footwear,タオスフットウエア,,,
497,Tart,タート,,,
498,tasc Performance,タスクパフォーマンス,,,
499,Tasha Polizzi,タシャボリッジ,,,
500,Tavik,タビック,,,
501,TC Fine Intimates,ティーシーファインインティメイト,,,
502,Tecnica,テクニカ,4362,,
503,teeki,ティキ,,,
504,Tempur-Pedic,テンピュール,15689,,
505,The Jetset Diaries,ジェットセットダイアリーズ,,,
506,The Kooples,クープルズ,,,
507,The Original Retro Brand,オリジナルレトロブランド,,,
508,The Sak,サク,,,
509,The Unbranded Brand,アンブランデッドブランド,,,
510,Think!,シンク,,,
511,thirtytwo,サーティーツー,,,
512,Thomas Dean & Co.,トーマスディーン,,,
513,THOMAS WYLDE,トーマスワイルド,,,
514,Thorlos,ソロパッズ,,,
515,Thorogood,ソログッド,,,
516,Threads 4 Thought,スレッズフォーソート,,,
517,Three Dots,スリードッツ,,,
518,Timbuk2,ティンバックツー,,,
519,TKEES,ティキーズ,,,
520,To Boot New York,トゥーブートニューヨーク,,,
521,Toad&Co,トードアンドカンパニー,,,
522,Todd Snyder,トッドスナイダー,14896,,
523,toesox,トゥーソックス,,,
524,Toga Pulla,トーガプルラ,,,
525,Tolani,トラーニ,,,
526,Tommy Bahama,トミーバハマ,1294,,
527,Toni Pons,トニーポンズ,,,
528,Toobydoo,トゥービードゥー,,,
529,Topo Designs,トポデザイン,,,
530,Torino Leather Co.,トリノレザー,,,
531,Trafalgar,トラファルガー,,,
532,Tribal,トライバル,,,
533,TriggerPoint,トリガーポイント,,,
534,Trimfit,トリムフィット,,,
535,Trotters,トロッター,,,
536,True Grit,トゥルーグリット,,,
537,Tsukihoshi Kids,ツキホシチャイルド,,,
538,Tubbs,タブス,,,
539,Ultimate Direction,アルティメイトディレクション,,,
540,Union of Angels,ユニオンオブエンジェルズ,,,
541,Union,ユニオン,,,
542,Unique Vintage,ユニークビンテージ,,,
543,United By Blue,ユナイテッドバイブルー,,,
544,Vaneli,ベネリ,,,
545,Vintage 1946,ビンテージ1946,,,
546,Vivobarefoot,ヴィヴォベアフット,,,
547,Vanessa Mooney,ヴァネッサムーニー,,,
548,Vilebrequin,ヴィルブレクイン,,,
549,VIONIC,バイオニック,,,
550,Vasque,バスク,,,
551,Via Spiga,ヴィアスピーガ,,,
552,Vitamin A Swimwear,ビタミンスイムウエア,,,
553,VonZipper,ボンジッパー,,,
554,W6YZ,W6YZ,,,
555,Warm Creature,ウォームクリーチャー,,,
556,Wigwam,ウィグワム,,,
557,Wolford,ウォルフォード,,,
558,Woodlore,ウッドロア,,,
559,Walking Cradles,ウォーキングクレイドル,,,
560,Western Chief Kids,ウエスタンチーフキッズ,,,
561,Wilson,ウイルソン,322,,
562,Wrightsock,ライトソック,,,
563,YakTrax,ヤクトラックス,,,
564,YIGAL AZROU_L,イーガルアズローエル,,,
565,Young Fabulous & Broke,ヤングファビュラスアンドブローク,,,
566,Z Zegna,ジーゼニア,,,
567,Zamberlan,ザンバラン,,,
568,Zensah,ゼンサー,,,
569,Zimmerli of Switzerland,ヅィメリー,,,
570,Zumba,ズンバ,,,
